Name,Goes By,Age,Tribe,Occupation,Hometown,Lives In,Drafted By,Pick
Aaliyah Puglia,Aaliyah,24,Toka,Chef,"Gloucester City, NJ","Providence, RI",,
Alexis Levine,Alexis,34,Savu,Criminal defense attorney,"Atlanta, GA","Atlanta, GA",,
Ana Sani,Ana,34,Savu,Voice actress,"Richmond Hill, ON","Toronto, ON",,
Angelica Loblack,Jelly,29,Toka,Sociology professor,"Garland, TX","Bloomington, IN",,
Brady Booker,Brady,27,Toka,Pro wrestler,"La Salle, IL","Knoxville, TN",,
Carter Krull,Carter,24,Savu,Livestock farmer,"Rock Rapids, IA","Sioux Falls, SD",,
Cristian Chavez,Cristian,26,Savu,Head of HR,"Salt Lake City, UT","Salt Lake City, UT",,
Danny Kilby,Kilby,30,Toka,Game designer,"Mount Forest, ON","London, ON",,
Devin Way,Devin,33,Toka,Actor (Grey's Anatomy),"Lufkin, TX","Los Angeles, CA",,
Eric Macksoud,Eric,34,Savu,Mental health counselor,"Lincoln, RI","Windsor Locks, CT",,
Jenna Doore,Jenna,30,Toka,Wedding photographer,"Perrysburg, OH","Toledo, OH",,
Kristin Flickinger,Kristin,49,Savu,Crisis management,"Ketchum, ID","Santa Barbara, CA",,
Lewis Kelly,Lewis,28,Toka,Farmer,"Dublin, Ireland","Corozal, PR",,
Linnea Capobianco,Linnea,25,Savu,Entrepreneur,"Kearny, NJ","Jersey City, NJ",,
Maggie Nestor,Maggie,40,Toka,Farmer,"Middleway, WV","Charles Town, WV",,
Mike Pinsky,Mike,32,Toka,Baseball executive,"New York, NY","New York, NY",,
Ori Jean-Charles,Ori,27,Savu,Personal trainer,"Spring Valley, NY","Spring Valley, NY",,
Patt Cannaday,Patt,33,Toka,Federal prosecutor,"Tampa, FL","Washington, DC",,
Rob Antonson,Rob,40,Savu,Airline gate agent,"Johnston, RI","Cumberland, RI",,
Sharonda Cox,Sharonda,34,Savu,OB-GYN resident,"Pompano Beach, FL","Richmond, KY",,
Thien An Nguyen,Thien An,24,Toka,Medical student,"Fort Worth, TX","Fort Worth, TX",,
